Workbook

Sheet Consolidado
A1: ID Empleado | B1: Nombre | C1: Cargo | D1: Departamento | E1: Ciudad | F1: Estado | G1: Salario Base | H1: Auxilio Transporte | I1: Deducciones | J1: Salario Neto | K1: Capacitación | L1: Horas Capacitación | M1: Evaluación | N1: Satisfacción
A2: =Personal!A2 -> 1 | B2: =Personal!B2 -> Empleado 1 | C2: =Personal!C2 -> Analista | D2: =Personal!D2 -> TI | E2: =Personal!E2 -> Bogotá | F2: =Personal!F2 -> Activo | G2: =INDEX(Nomina!$C$2:$C$21,MATCH($A2,Nomina!$A$2:$A$21,0)) -> 1800000 | H2: =INDEX(Nomina!$D$2:$D$21,MATCH($A2,Nomina!$A$2:$A$21,0)) -> 200000 | I2: =INDEX(Nomina!$E$2:$E$21,MATCH($A2,Nomina!$A$2:$A$21,0)) -> 120000 | J2: =INDEX(Nomina!$F$2:$F$21,MATCH($A2,Nomina!$A$2:$A$21,0)) -> 1880000 | K2: =INDEX('Recursos Humanos'!$C$2:$C$21,MATCH($A2,'Recursos Humanos'!$A$2:$A$21,0)) -> Seguridad | L2: =INDEX('Recursos Humanos'!$D$2:$D$21,MATCH($A2,'Recursos Humanos'!$A$2:$A$21,0)) -> 8 | M2: =INDEX('Recursos Humanos'!$E$2:$E$21,MATCH($A2,'Recursos Humanos'!$A$2:$A$21,0)) -> Excelente | N2: =INDEX('Recursos Humanos'!$F$2:$F$21,MATCH($A2,'Recursos Humanos'!$A$2:$A$21,0)) -> 5
A3: =Personal!A3 -> 2 | B3: =Personal!B3 -> Empleado 2 | C3: =Personal!C3 -> Desarrollador | D3: =Personal!D3 -> TI | E3: =Personal!E3 -> Medellín | F3: =Personal!F3 -> Activo | G3: =INDEX(Nomina!$C$2:$C$21,MATCH($A3,Nomina!$A$2:$A$21,0)) -> 1850000 | H3: =INDEX(Nomina!$D$2:$D$21,MATCH($A3,Nomina!$A$2:$A$21,0)) -> 200000 | I3: =INDEX(Nomina!$E$2:$E$21,MATCH($A3,Nomina!$A$2:$A$21,0)) -> 125000 | J3: =INDEX(Nomina!$F$2:$F$21,MATCH($A3,Nomina!$A$2:$A$21,0)) -> 1925000 | K3: =INDEX('Recursos Humanos'!$C$2:$C$21,MATCH($A3,'Recursos Humanos'!$A$2:$A$21,0)) -> Excel | L3: =INDEX('Recursos Humanos'!$D$2:$D$21,MATCH($A3,'Recursos Humanos'!$A$2:$A$21,0)) -> 12 | M3: =INDEX('Recursos Humanos'!$E$2:$E$21,MATCH($A3,'Recursos Humanos'!$A$2:$A$21,0)) -> Bueno | N3: =INDEX('Recursos Humanos'!$F$2:$F$21,MATCH($A3,'Recursos Humanos'!$A$2:$A$21,0)) -> 4
A4: =Personal!A4 -> 3 | B4: =Personal!B4 -> Empleado 3 | C4: =Personal!C4 -> Contador | D4: =Personal!D4 -> Finanzas | E4: =Personal!E4 -> Cali | F4: =Personal!F4 -> Activo | G4: =INDEX(Nomina!$C$2:$C$21,MATCH($A4,Nomina!$A$2:$A$21,0)) -> 1900000 | H4: =INDEX(Nomina!$D$2:$D$21,MATCH($A4,Nomina!$A$2:$A$21,0)) -> 200000 | I4: =INDEX(Nomina!$E$2:$E$21,MATCH($A4,Nomina!$A$2:$A$21,0)) -> 130000 | J4: =INDEX(Nomina!$F$2:$F$21,MATCH($A4,Nomina!$A$2:$A$21,0)) -> 1970000 | K4: =INDEX('Recursos Humanos'!$C$2:$C$21,MATCH($A4,'Recursos Humanos'!$A$2:$A$21,0)) -> Liderazgo | L4: =INDEX('Recursos Humanos'!$D$2:$D$21,MATCH($A4,'Recursos Humanos'!$A$2:$A$21,0)) -> 6 | M4: =INDEX('Recursos Humanos'!$E$2:$E$21,MATCH($A4,'Recursos Humanos'!$A$2:$A$21,0)) -> Bueno | N4: =INDEX('Recursos Humanos'!$F$2:$F$21,MATCH($A4,'Recursos Humanos'!$A$2:$A$21,0)) -> 4
A5: =Personal!A5 -> 4 | B5: =Personal!B5 -> Empleado 4 | C5: =Personal!C5 -> Asistente | D5: =Personal!D5 -> Administración | E5: =Personal!E5 -> Bogotá | F5: =Personal!F5 -> Activo | G5: =INDEX(Nomina!$C$2:$C$21,MATCH($A5,Nomina!$A$2:$A$21,0)) -> 1950000 | H5: =INDEX(Nomina!$D$2:$D$21,MATCH($A5,Nomina!$A$2:$A$21,0)) -> 200000 | I5: =INDEX(Nomina!$E$2:$E$21,MATCH($A5,Nomina!$A$2:$A$21,0)) -> 135000 | J5: =INDEX(Nomina!$F$2:$F$21,MATCH($A5,Nomina!$A$2:$A$21,0)) -> 2015000 | K5: =INDEX('Recursos Humanos'!$C$2:$C$21,MATCH($A5,'Recursos Humanos'!$A$2:$A$21,0)) -> Programación | L5: =INDEX('Recursos Humanos'!$D$2:$D$21,MATCH($A5,'Recursos Humanos'!$A$2:$A$21,0)) -> 16 | M5: =INDEX('Recursos Humanos'!$E$2:$E$21,MATCH($A5,'Recursos Humanos'!$A$2:$A$21,0)) -> Excelente | N5: =INDEX('Recursos Humanos'!$F$2:$F$21,MATCH($A5,'Recursos Humanos'!$A$2:$A$21,0)) -> 5
A6: =Personal!A6 -> 5 | B6: =Personal!B6 -> Empleado 5 | C6: =Personal!C6 -> Gerente | D6: =Personal!D6 -> Gerencia | E6: =Personal!E6 -> Barranquilla | F6: =Personal!F6 -> Activo | G6: =INDEX(Nomina!$C$2:$C$21,MATCH($A6,Nomina!$A$2:$A$21,0)) -> 2000000 | H6: =INDEX(Nomina!$D$2:$D$21,MATCH($A6,Nomina!$A$2:$A$21,0)) -> 200000 | I6: =INDEX(Nomina!$E$2:$E$21,MATCH($A6,Nomina!$A$2:$A$21,0)) -> 140000 | J6: =INDEX(Nomina!$F$2:$F$21,MATCH($A6,Nomina!$A$2:$A$21,0)) -> 2060000 | K6: =INDEX('Recursos Humanos'!$C$2:$C$21,MATCH($A6,'Recursos Humanos'!$A$2:$A$21,0)) -> Comunicación | L6: =INDEX('Recursos Humanos'!$D$2:$D$21,MATCH($A6,'Recursos Humanos'!$A$2:$A$21,0)) -> 10 | M6: =INDEX('Recursos Humanos'!$E$2:$E$21,MATCH($A6,'Recursos Humanos'!$A$2:$A$21,0)) -> Satisfactorio | N6: =INDEX('Recursos Humanos'!$F$2:$F$21,MATCH($A6,'Recursos Humanos'!$A$2:$A$21,0)) -> 3
A7: =Personal!A7 -> 6 | B7: =Personal!B7 -> Empleado 6 | C7: =Personal!C7 -> Analista | D7: =Personal!D7 -> TI | E7: =Personal!E7 -> Bogotá | F7: =Personal!F7 -> Activo | G7: =INDEX(Nomina!$C$2:$C$21,MATCH($A7,Nomina!$A$2:$A$21,0)) -> 2050000 | H7: =INDEX(Nomina!$D$2:$D$21,MATCH($A7,Nomina!$A$2:$A$21,0)) -> 200000 | I7: =INDEX(Nomina!$E$2:$E$21,MATCH($A7,Nomina!$A$2:$A$21,0)) -> 145000 | J7: =INDEX(Nomina!$F$2:$F$21,MATCH($A7,Nomina!$A$2:$A$21,0)) -> 2105000 | K7: =INDEX('Recursos Humanos'!$C$2:$C$21,MATCH($A7,'Recursos Humanos'!$A$2:$A$21,0)) -> Seguridad | L7: =INDEX('Recursos Humanos'!$D$2:$D$21,MATCH($A7,'Recursos Humanos'!$A$2:$A$21,0)) -> 8 | M7: =INDEX('Recursos Humanos'!$E$2:$E$21,MATCH($A7,'Recursos Humanos'!$A$2:$A$21,0)) -> Excelente | N7: =INDEX('Recursos Humanos'!$F$2:$F$21,MATCH($A7,'Recursos Humanos'!$A$2:$A$21,0)) -> 5
A8: =Personal!A8 -> 7 | B8: =Personal!B8 -> Empleado 7 | C8: =Personal!C8 -> Desarrollador | D8: =Personal!D8 -> TI | E8: =Personal!E8 -> Medellín | F8: =Personal!F8 -> Activo | G8: =INDEX(Nomina!$C$2:$C$21,MATCH($A8,Nomina!$A$2:$A$21,0)) -> 2100000 | H8: =INDEX(Nomina!$D$2:$D$21,MATCH($A8,Nomina!$A$2:$A$21,0)) -> 200000 | I8: =INDEX(Nomina!$E$2:$E$21,MATCH($A8,Nomina!$A$2:$A$21,0)) -> 150000 | J8: =INDEX(Nomina!$F$2:$F$21,MATCH($A8,Nomina!$A$2:$A$21,0)) -> 2150000 | K8: =INDEX('Recursos Humanos'!$C$2:$C$21,MATCH($A8,'Recursos Humanos'!$A$2:$A$21,0)) -> Excel | L8: =INDEX('Recursos Humanos'!$D$2:$D$21,MATCH($A8,'Recursos Humanos'!$A$2:$A$21,0)) -> 12 | M8: =INDEX('Recursos Humanos'!$E$2:$E$21,MATCH($A8,'Recursos Humanos'!$A$2:$A$21,0)) -> Bueno | N8: =INDEX('Recursos Humanos'!$F$2:$F$21,MATCH($A8,'Recursos Humanos'!$A$2:$A$21,0)) -> 4
A9: =Personal!A9 -> 8 | B9: =Personal!B9 -> Empleado 8 | C9: =Personal!C9 -> Contador | D9: =Personal!D9 -> Finanzas | E9: =Personal!E9 -> Cali | F9: =Personal!F9 -> Activo | G9: =INDEX(Nomina!$C$2:$C$21,MATCH($A9,Nomina!$A$2:$A$21,0)) -> 2150000 | H9: =INDEX(Nomina!$D$2:$D$21,MATCH($A9,Nomina!$A$2:$A$21,0)) -> 200000 | I9: =INDEX(Nomina!$E$2:$E$21,MATCH($A9,Nomina!$A$2:$A$21,0)) -> 155000 | J9: =INDEX(Nomina!$F$2:$F$21,MATCH($A9,Nomina!$A$2:$A$21,0)) -> 2195000 | K9: =INDEX('Recursos Humanos'!$C$2:$C$21,MATCH($A9,'Recursos Humanos'!$A$2:$A$21,0)) -> Liderazgo | L9: =INDEX('Recursos Humanos'!$D$2:$D$21,MATCH($A9,'Recursos Humanos'!$A$2:$A$21,0)) -> 6 | M9: =INDEX('Recursos Humanos'!$E$2:$E$21,MATCH($A9,'Recursos Humanos'!$A$2:$A$21,0)) -> Bueno | N9: =INDEX('Recursos Humanos'!$F$2:$F$21,MATCH($A9,'Recursos Humanos'!$A$2:$A$21,0)) -> 4
A10: =Personal!A10 -> 9 | B10: =Personal!B10 -> Empleado 9 | C10: =Personal!C10 -> Asistente | D10: =Personal!D10 -> Administración | E10: =Personal!E10 -> Bogotá | F10: =Personal!F10 -> Activo | G10: =INDEX(Nomina!$C$2:$C$21,MATCH($A10,Nomina!$A$2:$A$21,0)) -> 2200000 | H10: =INDEX(Nomina!$D$2:$D$21,MATCH($A10,Nomina!$A$2:$A$21,0)) -> 200000 | I10: =INDEX(Nomina!$E$2:$E$21,MATCH($A10,Nomina!$A$2:$A$21,0)) -> 160000 | J10: =INDEX(Nomina!$F$2:$F$21,MATCH($A10,Nomina!$A$2:$A$21,0)) -> 2240000 | K10: =INDEX('Recursos Humanos'!$C$2:$C$21,MATCH($A10,'Recursos Humanos'!$A$2:$A$21,0)) -> Programación | L10: =INDEX('Recursos Humanos'!$D$2:$D$21,MATCH($A10,'Recursos Humanos'!$A$2:$A$21,0)) -> 16 | M10: =INDEX('Recursos Humanos'!$E$2:$E$21,MATCH($A10,'Recursos Humanos'!$A$2:$A$21,0)) -> Excelente | N10: =INDEX('Recursos Humanos'!$F$2:$F$21,MATCH($A10,'Recursos Humanos'!$A$2:$A$21,0)) -> 5
A11: =Personal!A11 -> 10 | B11: =Personal!B11 -> Empleado 10 | C11: =Personal!C11 -> Gerente | D11: =Personal!D11 -> Gerencia | E11: =Personal!E11 -> Barranquilla | F11: =Personal!F11 -> Activo | G11: =INDEX(Nomina!$C$2:$C$21,MATCH($A11,Nomina!$A$2:$A$21,0)) -> 2250000 | H11: =INDEX(Nomina!$D$2:$D$21,MATCH($A11,Nomina!$A$2:$A$21,0)) -> 200000 | I11: =INDEX(Nomina!$E$2:$E$21,MATCH($A11,Nomina!$A$2:$A$21,0)) -> 165000 | J11: =INDEX(Nomina!$F$2:$F$21,MATCH($A11,Nomina!$A$2:$A$21,0)) -> 2285000 | K11: =INDEX('Recursos Humanos'!$C$2:$C$21,MATCH($A11,'Recursos Humanos'!$A$2:$A$21,0)) -> Comunicación | L11: =INDEX('Recursos Humanos'!$D$2:$D$21,MATCH($A11,'Recursos Humanos'!$A$2:$A$21,0)) -> 10 | M11: =INDEX('Recursos Humanos'!$E$2:$E$21,MATCH($A11,'Recursos Humanos'!$A$2:$A$21,0)) -> Satisfactorio | N11: =INDEX('Recursos Humanos'!$F$2:$F$21,MATCH($A11,'Recursos Humanos'!$A$2:$A$21,0)) -> 3
A12: =Personal!A12 -> 11 | B12: =Personal!B12 -> Empleado 11 | C12: =Personal!C12 -> Analista | D12: =Personal!D12 -> TI | E12: =Personal!E12 -> Bogotá | F12: =Personal!F12 -> Activo | G12: =INDEX(Nomina!$C$2:$C$21,MATCH($A12,Nomina!$A$2:$A$21,0)) -> 2300000 | H12: =INDEX(Nomina!$D$2:$D$21,MATCH($A12,Nomina!$A$2:$A$21,0)) -> 200000 | I12: =INDEX(Nomina!$E$2:$E$21,MATCH($A12,Nomina!$A$2:$A$21,0)) -> 170000 | J12: =INDEX(Nomina!$F$2:$F$21,MATCH($A12,Nomina!$A$2:$A$21,0)) -> 2330000 | K12: =INDEX('Recursos Humanos'!$C$2:$C$21,MATCH($A12,'Recursos Humanos'!$A$2:$A$21,0)) -> Seguridad | L12: =INDEX('Recursos Humanos'!$D$2:$D$21,MATCH($A12,'Recursos Humanos'!$A$2:$A$21,0)) -> 8 | M12: =INDEX('Recursos Humanos'!$E$2:$E$21,MATCH($A12,'Recursos Humanos'!$A$2:$A$21,0)) -> Excelente | N12: =INDEX('Recursos Humanos'!$F$2:$F$21,MATCH($A12,'Recursos Humanos'!$A$2:$A$21,0)) -> 5
A13: =Personal!A13 -> 12 | B13: =Personal!B13 -> Empleado 12 | C13: =Personal!C13 -> Desarrollador | D13: =Personal!D13 -> TI | E13: =Personal!E13 -> Medellín | F13: =Personal!F13 -> Activo | G13: =INDEX(Nomina!$C$2:$C$21,MATCH($A13,Nomina!$A$2:$A$21,0)) -> 2350000 | H13: =INDEX(Nomina!$D$2:$D$21,MATCH($A13,Nomina!$A$2:$A$21,0)) -> 200000 | I13: =INDEX(Nomina!$E$2:$E$21,MATCH($A13,Nomina!$A$2:$A$21,0)) -> 175000 | J13: =INDEX(Nomina!$F$2:$F$21,MATCH($A13,Nomina!$A$2:$A$21,0)) -> 2375000 | K13: =INDEX('Recursos Humanos'!$C$2:$C$21,MATCH($A13,'Recursos Humanos'!$A$2:$A$21,0)) -> Excel | L13: =INDEX('Recursos Humanos'!$D$2:$D$21,MATCH($A13,'Recursos Humanos'!$A$2:$A$21,0)) -> 12 | M13: =INDEX('Recursos Humanos'!$E$2:$E$21,MATCH($A13,'Recursos Humanos'!$A$2:$A$21,0)) -> Bueno | N13: =INDEX('Recursos Humanos'!$F$2:$F$21,MATCH($A13,'Recursos Humanos'!$A$2:$A$21,0)) -> 4
... A21: =Personal!A21 -> 20 | B21: =Personal!B21 -> Empleado 20 | C21: =Personal!C21 -> Gerente | D21: =Personal!D21 -> Gerencia | E21: =Personal!E21 -> Barranquilla | F21: =Personal!F21 -> Licencia | G21: =INDEX(Nomina!$C$2:$C$21,MATCH($A21,Nomina!$A$2:$A$21,0)) -> 2750000 | H21: =INDEX(Nomina!$D$2:$D$21,MATCH($A21,Nomina!$A$2:$A$21,0)) -> 200000 | I21: =INDEX(Nomina!$E$2:$E$21,MATCH($A21,Nomina!$A$2:$A$21,0)) -> 215000 | J21: =INDEX(Nomina!$F$2:$F$21,MATCH($A21,Nomina!$A$2:$A$21,0)) -> 2735000 | K21: =INDEX('Recursos Humanos'!$C$2:$C$21,MATCH($A21,'Recursos Humanos'!$A$2:$A$21,0)) -> Comunicación | L21: =INDEX('Recursos Humanos'!$D$2:$D$21,MATCH($A21,'Recursos Humanos'!$A$2:$A$21,0)) -> 10 | M21: =INDEX('Recursos Humanos'!$E$2:$E$21,MATCH($A21,'Recursos Humanos'!$A$2:$A$21,0)) -> Satisfactorio | N21: =INDEX('Recursos Humanos'!$F$2:$F$21,MATCH($A21,'Recursos Humanos'!$A$2:$A$21,0)) -> 3
A24: Resumen
A25: Total empleados | B25: =COUNTA(A2:A21) -> 20
A26: Empleados activos | B26: =COUNTIF(F2:F21,"Activo") -> 18
A27: Nómina total (Salario Neto) | B27: =SUM(J2:J21) -> 46150000
A28: Salario Neto promedio | B28: =AVERAGE(J2:J21) -> 2307500
A29: Total horas de capacitación | B29: =SUM(L2:L21) -> 208
A30: Satisfacción promedio | B30: =AVERAGE(N2:N21) -> 4.2

Sheet Nomina
A1: ID Nómina | B1: Empleado | C1: Salario Base | D1: Auxilio Transporte | E1: Deducciones | F1: Salario Neto
A2: 1 | B2: Empleado 1 | C2: 1800000 | D2: 200000 | E2: 120000 | F2: 1880000
A3: 2 | B3: Empleado 2 | C3: 1850000 | D3: 200000 | E3: 125000 | F3: 1925000
A4: 3 | B4: Empleado 3 | C4: 1900000 | D4: 200000 | E4: 130000 | F4: 1970000
A5: 4 | B5: Empleado 4 | C5: 1950000 | D5: 200000 | E5: 135000 | F5: 2015000
A6: 5 | B6: Empleado 5 | C6: 2000000 | D6: 200000 | E6: 140000 | F6: 2060000
A7: 6 | B7: Empleado 6 | C7: 2050000 | D7: 200000 | E7: 145000 | F7: 2105000
A8: 7 | B8: Empleado 7 | C8: 2100000 | D8: 200000 | E8: 150000 | F8: 2150000
A9: 8 | B9: Empleado 8 | C9: 2150000 | D9: 200000 | E9: 155000 | F9: 2195000
A10: 9 | B10: Empleado 9 | C10: 2200000 | D10: 200000 | E10: 160000 | F10: 2240000
A11: 10 | B11: Empleado 10 | C11: 2250000 | D11: 200000 | E11: 165000 | F11: 2285000
A12: 11 | B12: Empleado 11 | C12: 2300000 | D12: 200000 | E12: 170000 | F12: 2330000
A13: 12 | B13: Empleado 12 | C13: 2350000 | D13: 200000 | E13: 175000 | F13: 2375000
... A21: 20 | B21: Empleado 20 | C21: 2750000 | D21: 200000 | E21: 215000 | F21: 2735000

Sheet Personal
A1: ID Empleado | B1: Nombre | C1: Cargo | D1: Departamento | E1: Ciudad | F1: Estado
A2: 1 | B2: Empleado 1 | C2: Analista | D2: TI | E2: Bogotá | F2: Activo
A3: 2 | B3: Empleado 2 | C3: Desarrollador | D3: TI | E3: Medellín | F3: Activo
A4: 3 | B4: Empleado 3 | C4: Contador | D4: Finanzas | E4: Cali | F4: Activo
A5: 4 | B5: Empleado 4 | C5: Asistente | D5: Administración | E5: Bogotá | F5: Activo
A6: 5 | B6: Empleado 5 | C6: Gerente | D6: Gerencia | E6: Barranquilla | F6: Activo
A7: 6 | B7: Empleado 6 | C7: Analista | D7: TI | E7: Bogotá | F7: Activo
A8: 7 | B8: Empleado 7 | C8: Desarrollador | D8: TI | E8: Medellín | F8: Activo
A9: 8 | B9: Empleado 8 | C9: Contador | D9: Finanzas | E9: Cali | F9: Activo
A10: 9 | B10: Empleado 9 | C10: Asistente | D10: Administración | E10: Bogotá | F10: Activo
A11: 10 | B11: Empleado 10 | C11: Gerente | D11: Gerencia | E11: Barranquilla | F11: Activo
A12: 11 | B12: Empleado 11 | C12: Analista | D12: TI | E12: Bogotá | F12: Activo
A13: 12 | B13: Empleado 12 | C13: Desarrollador | D13: TI | E13: Medellín | F13: Activo
... A21: 20 | B21: Empleado 20 | C21: Gerente | D21: Gerencia | E21: Barranquilla | F21: Licencia

Sheet Recursos Humanos
A1: ID Registro | B1: Empleado | C1: Capacitación | D1: Horas Capacitación | E1: Evaluación | F1: Satisfacción
A2: 1 | B2: Empleado 1 | C2: Seguridad | D2: 8 | E2: Excelente | F2: 5
A3: 2 | B3: Empleado 2 | C3: Excel | D3: 12 | E3: Bueno | F3: 4
A4: 3 | B4: Empleado 3 | C4: Liderazgo | D4: 6 | E4: Bueno | F4: 4
A5: 4 | B5: Empleado 4 | C5: Programación | D5: 16 | E5: Excelente | F5: 5
A6: 5 | B6: Empleado 5 | C6: Comunicación | D6: 10 | E6: Satisfactorio | F6: 3
A7: 6 | B7: Empleado 6 | C7: Seguridad | D7: 8 | E7: Excelente | F7: 5
A8: 7 | B8: Empleado 7 | C8: Excel | D8: 12 | E8: Bueno | F8: 4
A9: 8 | B9: Empleado 8 | C9: Liderazgo | D9: 6 | E9: Bueno | F9: 4
A10: 9 | B10: Empleado 9 | C10: Programación | D10: 16 | E10: Excelente | F10: 5
A11: 10 | B11: Empleado 10 | C11: Comunicación | D11: 10 | E11: Satisfactorio | F11: 3
A12: 11 | B12: Empleado 11 | C12: Seguridad | D12: 8 | E12: Excelente | F12: 5
A13: 12 | B13: Empleado 12 | C13: Excel | D13: 12 | E13: Bueno | F13: 4
... A21: 20 | B21: Empleado 20 | C21: Comunicación | D21: 10 | E21: Satisfactorio | F21: 3

Sheet Contratacion
A1: ID Contratación | B1: Candidato | C1: Cargo | D1: Tipo Contrato | E1: Fecha Postulación | F1: Estado
A2: 1 | B2: Candidato 1 | C2: Analista | D2: Indefinido | E2: 46027 | F2: Contratado
A3: 2 | B3: Candidato 2 | C3: Desarrollador | D3: Término fijo | E3: 46037 | F3: En proceso
A4: 3 | B4: Candidato 3 | C4: Contador | D4: Prestación de servicios | E4: 46047 | F4: Descartado
A5: 4 | B5: Candidato 4 | C5: Asistente | D5: Indefinido | E5: 46057 | F5: Contratado
A6: 5 | B6: Candidato 5 | C6: Diseñador | D6: Término fijo | E6: 46067 | F6: En entrevista
A7: 6 | B7: Candidato 6 | C7: Analista | D7: Indefinido | E7: 46077 | F7: Contratado
A8: 7 | B8: Candidato 7 | C8: Desarrollador | D8: Término fijo | E8: 46087 | F8: En proceso
A9: 8 | B9: Candidato 8 | C9: Contador | D9: Prestación de servicios | E9: 46097 | F9: Descartado
A10: 9 | B10: Candidato 9 | C10: Asistente | D10: Indefinido | E10: 46107 | F10: Contratado
A11: 10 | B11: Candidato 10 | C11: Diseñador | D11: Término fijo | E11: 46117 | F11: En entrevista
A12: 11 | B12: Candidato 11 | C12: Analista | D12: Indefinido | E12: 46127 | F12: Contratado
A13: 12 | B13: Candidato 12 | C13: Desarrollador | D13: Término fijo | E13: 46137 | F13: En proceso
... A21: 20 | B21: Candidato 20 | C21: Diseñador | D21: Término fijo | E21: 46217 | F21: En entrevista
